sede_id,sede_desc_castellano,pais_castellano,region_geografica,pais_iso_3,estado,sitio_web,redes_sociales
CALEG,Consulado  General  en  Porto  Alegre,REPÚBLICA  FEDERATIVA  DEL  BRASIL,AMÉRICA  DEL  SUR,BRA,Activo,caleg.cancilleria.gob.ar,https://twitter.com/ArgPortoAlegre  //  https://www.facebook.com/ArgentinaEnPortoAlegre/  //  https://www.instagram.com/argenportoalegre/  //  
CANTO,Consulado  en  Antofagasta,REPÚBLICA  DE  CHILE,AMÉRICA  DEL  SUR,CHL,Activo,https://canto.cancilleria.gob.ar/,https://www.facebook.com/Consulado-de-la-Rep%C3%BAblica-Argentina-en-Antofagasta-255728465291743/  //  https://www.instagram.com/consulargantofagasta/  //  
CAREN,Consulado  General  en  Punta  Arenas,REPÚBLICA  DE  CHILE,AMÉRICA  DEL  SUR,CHL,Activo,https://caren.cancilleria.gob.ar/,https://www.facebook.com/profile.php?id=100014152878593  //  
CASUN,Consulado  General  en  Asunción,REPÚBLICA  DEL  PARAGUAY,AMÉRICA  DEL  SUR,PRY,Activo,www.casun.mrecic.gov.ar,
CATLA,Consulado  General  en  Atlanta,Estados  Unidos  de  América,AMÉRICA  DEL  NORTE,USA,Activo,www.catla.mrecic.gov.ar,instagram.com/ARGenAtlanta  //  facebook.com/ARGenAtlanta  //  https://www.linkedin.com/company/ARGenAtlanta  //  x.com/ARGenAtlanta  //  
CBARC,Consulado  General  y  Centro  de  Promoción  en  Barcelona,REINO  DE  ESPAÑA,EUROPA  OCCIDENTAL,ESP,Activo,https://cbarc.cancilleria.gob.ar/,https://www.facebook.com/ArgEnBarcelona/  //  https://twitter.com/argenbarcelona  //  https://www.instagram.com/argenbarcelona/  //  https://www.youtube.com/@consuladoargentinoenbarcel2664  //  https://www.linkedin.com/company/consulado-y-centro-de-promoci%C3%B3n-de-la-republica-argentina-en-barcelona  //  
CBEIJ,Sección  Consular  en  Beijing,REPÚBLICA  POPULAR  DE  CHINA,ASIA,CHN,Activo,www.echin.cancilleria.gov.ar,
CBELO,Consulado  General  en  Belo  Horizonte,REPÚBLICA  FEDERATIVA  DEL  BRASIL,AMÉRICA  DEL  SUR,BRA,Activo,,https://www.facebook.com/ArgentinaEnBeloHorizonte/  //  https://twitter.com/consgralbelo  //  https://www.instagram.com/consgralbelo/  //  
CBONN,Consulado  en  Bonn,REPÚBLICA  FEDERAL  DE  ALEMANIA,EUROPA  OCCIDENTAL,DEU,Activo,cbonn.cancilleria.gob.ar,https://www.facebook.com/ConsuladoArgentinoenBonn  //  http://www.instagram.com/argentinaenbonn  //  
CCADI,Consulado  en  Cádiz,REINO  DE  ESPAÑA,EUROPA  OCCIDENTAL,ESP,Activo,https://ccadi.cancilleria.gob.ar/,www.facebook.com/ArgentinaEnCadiz  //  
CCEST,Consulado  General  en  Ciudad  del  Este,REPÚBLICA  DEL  PARAGUAY,AMÉRICA  DEL  SUR,PRY,Activo,ccest.cancilleria.gov.ar/,https://www.facebook.com/ArgEnCiudaddeleste/  //  https://www.instagram.com/argenciudaddeleste  //  
CCHIC,Consulado  General  en  Chicago,Estados  Unidos  de  América,AMÉRICA  DEL  NORTE,USA,Activo,https://cchic.cancilleria.gob.ar/,https://twitter.com/argenchicago  //  https://www.facebook.com/ArgentinaEnChicago  //  https://www.youtube.com/channel/UCjZ3a6zTr156aP_zg-1lQfQ/featured  //  consulado_argentino_chicago  //  
CCOCH,Consulado  en  Cochabamba,ESTADO  PLURINACIONAL  DE  BOLIVIA,AMÉRICA  DEL  SUR,BOL,Activo,https://ccoch.cancilleria.gob.ar,https://www.facebook.com/ArgentinaEnCochabamba/  //  
CCOLO,Consulado  en  Colonia,REPÚBLICA  ORIENTAL  DEL  URUGUAY,AMÉRICA  DEL  SUR,URY,Activo,ccolo.mrecic.gov.ar,https://www.facebook.com/ArgentinaenColonia  //  
CCONC,Consulado  en  Concepción,REPÚBLICA  DE  CHILE,AMÉRICA  DEL  SUR,CHL,Activo,http://www.cconc.mrecic.gov.ar/,
CCURI,Consulado  en  Curitiba,REPÚBLICA  FEDERATIVA  DEL  BRASIL,AMÉRICA  DEL  SUR,BRA,Activo,ccuri.cancilleria.gob.ar  ,https://www.facebook.com/ArgEnCuritiba/  //  https://instagram.com/argEncuritiba  //  https://twitter.com/ARGenCuri  //  
CENCA,Consulado  General  en  Encarnación,REPÚBLICA  DEL  PARAGUAY,AMÉRICA  DEL  SUR,PRY,Activo,www.cenca.mrecic.gov.ar,
CFBEN,Consulado  en  Fray  Bentos,REPÚBLICA  ORIENTAL  DEL  URUGUAY,AMÉRICA  DEL  SUR,URY,Activo,cfben.cancilleria.gov.ar,
CFDIG,Consulado  en  Foz  de  Iguazu,REPÚBLICA  FEDERATIVA  DEL  BRASIL,AMÉRICA  DEL  SUR,BRA,Activo,https://cfdig.cancilleria.gob.ar,https://twitter.com/argentinaenfoz  //  https://www.facebook.com/ArgentinaEnFozDeIguazu  //  https://www.instagram.com/argentinaenfoz/  //  
CFLOR,Consulado  en  Florianopolis,REPÚBLICA  FEDERATIVA  DEL  BRASIL,AMÉRICA  DEL  SUR,BRA,Activo,cflor.mrecic.gov.ar,https://www.instagram.com/argenflorianopolis  //  https://www.facebook.com/cflor.mrecic.gov.ar  //  
CFRAN,Consulado  General  y  Centro  de  Promoción  en  Francfort,REPÚBLICA  FEDERAL  DE  ALEMANIA,EUROPA  OCCIDENTAL,DEU,Activo,www.cfran.mrecic.gov.ar,
CGEST,Consulado  General  y  Centro  de  Promoción  en  Estambul,República  de  Türkiye,EUROPA  OCCIDENTAL,TUR,Activo,cgest.cancilleria.gob.ar,https://www.facebook.com/ArgentinaEnEstambul  //  https://www.instagram.com/consuladoargentinoenestambul/  //  
CGMUM,Consulado  General  y  Centro  de  Promoción  en  Mumbai,REPÚBLICA  DE  LA  INDIA,ASIA,IND,Activo,https://cgmum.cancilleria.gob.ar/,https://www.instagram.com/argenmumbai/  //  
CGPAZ,Consulado  General  en  La  Paz,ESTADO  PLURINACIONAL  DE  BOLIVIA,AMÉRICA  DEL  SUR,BOL,Activo,cgpaz.cancilleria.gob.ar,
CGTEL,Consulado  General  en  Tel  Aviv,ESTADO  DE  ISRAEL,ASIA,ISR,Activo,http://cgtel.mrecic.gob.ar,https://www.facebook.com/ArgentinaEnIsrael/  //  
CGUAN,Consulado  General  en  Guangzhou,REPÚBLICA  POPULAR  DE  CHINA,ASIA,CHN,Activo,cguan.cancilleria.gob.ar,
CGUAY,Consulado  en  Guayaquil,REPÚBLICA  DEL  ECUADOR,AMÉRICA  DEL  SUR,ECU,Activo,cguay.cancilleria.gob.ar,
CGVAN,Consulado  General  en  Vancouver,CANADÁ,AMÉRICA  DEL  NORTE,CAN,Activo,cgvan.cancilleria.gob.ar,
CHAMB,Consulado  General  en  Hamburgo,REPÚBLICA  FEDERAL  DE  ALEMANIA,EUROPA  OCCIDENTAL,DEU,Activo,chamb.cancilleria.gob.ar,https://www.instagram.com/consulado.argentino.hamburgo  //  https://www.facebook.com/ARGenHamburgo  //  
CHONG,Consulado  General  en  Hong  Kong,REPÚBLICA  POPULAR  DE  CHINA,ASIA,CHN,Activo,https://chong.cancilleria.gob.ar,https://www.facebook.com/ArgEnHongKong  //  https://www.instagram.com/consuladoargentinohongkong/  //  
CHOUS,Consulado  General  en  Houston,Estados  Unidos  de  América,AMÉRICA  DEL  NORTE,USA,Activo,www.chous.mrecic.gov.ar,https://x.com/ARGENHOUSTON  //  https://www.facebook.com/ArgentinaEnHouston/  //  https://www.instagram.com/consuladoarghouston/  //  
CJOHA,Consulado  General  en  Johannesburgo,REPÚBLICA  DE  SUDÁFRICA,ÁFRICA  SUBSAHARIANA,ZAF,Activo,http://www.cjoha.mrecic.gob.ar,
CLANG,Consulado  General  y  Centro  de  Promoción  en  Los  Ángeles,Estados  Unidos  de  América,AMÉRICA  DEL  NORTE,USA,Activo,https://clang.cancilleria.gob.ar,https://www.facebook.com/ArgentinaEnLosAngeles/  //  https://www.instagram.com/arg_clang/  //  https://twitter.com/arg_clang  //  
CLIMA,Consulado  General  en  Lima,REPÚBLICA  DEL  PERÚ,AMÉRICA  DEL  SUR,PER,Activo,https://clima.cancilleria.gob.ar,
CLOND,Consulado  General  en  Londres,REINO  UNIDO  DE  GRAN  BRETAÑA  E  IRLANDA  DEL  NORTE,EUROPA  OCCIDENTAL,GRB,Activo,www.clond.cancilleria.gob.ar,https://www.instagram.com/consuladoargentinoenlondres/  //  
CMADR,Consulado  General  en  Madrid,REINO  DE  ESPAÑA,EUROPA  OCCIDENTAL,ESP,Activo,https://cmadr.cancilleria.gob.ar,https://www.facebook.com/ArgentinaEnMadridEsp/  //  https://www.instagram.com/consuladoargentinoenmadrid?igsh=MW1wMHQzbzhqMGwwbw==  //  
CMALD,Consulado  en  Maldonado,REPÚBLICA  ORIENTAL  DEL  URUGUAY,AMÉRICA  DEL  SUR,URY,Activo,cmald.cancilleria.gov.ar,https://www.facebook.com/pg/ConsuladoArgentinoenMaldonado/posts/?ref=page_internal  //  https://www.instagram.com/consulado_argentino/  //  
CMALL,Consulado  en  Palma,REINO  DE  ESPAÑA,EUROPA  OCCIDENTAL,ESP,Activo,cmall.mrecic.gov.ar,https://www.facebook.com/ArgentinaEnPalmaDeMallorca  //  https://www.instagram.com/argentinaenpalmademallorca/  //  
CMDEO,Consulado  General  en  Montevideo,REPÚBLICA  ORIENTAL  DEL  URUGUAY,AMÉRICA  DEL  SUR,URY,Activo,cmdeo.mrecic.gov.ar,https://www.facebook.com/ArgentinaEnMontevideo/  //  https://www.instagram.com/consuladoargenmontevideo  //  
CMEXI,Consulado  General  en  México,ESTADOS  UNIDOS  MEXICANOS,AMÉRICA  DEL  NORTE,MEX,Activo,https://cmexi.cancilleria.gob.ar,
CMIAM,Consulado  General  y  Centro  de  Promoción  en  Miami,Estados  Unidos  de  América,AMÉRICA  DEL  NORTE,USA,Activo,www.cmiam.cancilleria.gov.ar,https://es-la.facebook.com/consuladoargentino.miami/  //  instagram.com/consuladoargentinomia/  //  https://x.com/argenmiami/  //  
CMILA,Consulado  General  y  Centro  de  Promoción  en  Milán,REPÚBLICA  ITALIANA,EUROPA  OCCIDENTAL,ITA,Activo,cmila.cancilleria.gob.ar,https://www.instagram.com/argenmilano/  //  https://www.youtube.com/channel/UCZdYeN4gttYEyX15xxkUNWQ  //  
CMREA,Consulado  General  en  Montreal,CANADÁ,AMÉRICA  DEL  NORTE,CAN,Activo,https://cmrea.cancilleria.gob.ar,https://www.facebook.com/ArgentinaEnMontreal  //  https://www.instagram.com/consuladoargenmontreal/  //  https://www.youtube.com/@consuladodelarepublicadear8025  //  
CNYOR,Consulado  General  y  Centro  de  Promoción  en  Nueva  York,Estados  Unidos  de  América,AMÉRICA  DEL  NORTE,USA,Activo,https://cnyor.cancilleria.gob.ar,https://www.facebook.com/ARGenNewYork  //  https://twitter.com/ARGenNewYork  //  https://www.instagram.com/argennewyork/  //  https://www.youtube.com/@ARGenNewYork  //  https://www.linkedin.com/company/argennewyork  //  
CPABL,Consulado  General  y  Centro  de  Promoción  en  San  Pablo,REPÚBLICA  FEDERATIVA  DEL  BRASIL,AMÉRICA  DEL  SUR,BRA,Activo,www.cpabl.mrecic.gov.ar,consuladoargentinosp@gmail.com  //  
CPAYS,Consulado  en  Paysandú,REPÚBLICA  ORIENTAL  DEL  URUGUAY,AMÉRICA  DEL  SUR,URY,Activo,www.cpays.mrecic.gov.ar,
CPCAR,Consulado  en  Playa  del  Carmen,ESTADOS  UNIDOS  MEXICANOS,AMÉRICA  DEL  NORTE,MEX,Activo,cpcar.cancilleria.gob.ar,
CPMON,Consulado  en  Puerto  Montt,REPÚBLICA  DE  CHILE,AMÉRICA  DEL  SUR,CHL,Activo,http://cpmon.mrecic.gov.ar/,https://www.facebook.com/ArgentinaEnPuertoMontt/  //  
CRECI,Consulado  en  Recife,REPÚBLICA  FEDERATIVA  DEL  BRASIL,AMÉRICA  DEL  SUR,BRA,Activo,creci.mrecic.gov.ar,https://www.facebook.com/ArgentinaEnBrasilRecife  //  https://www.instagram.com/consuladoargentinorecife  //  
CRIOJ,Consulado  General  en  Rio  de  Janeiro,REPÚBLICA  FEDERATIVA  DEL  BRASIL,AMÉRICA  DEL  SUR,BRA,Activo,crioj.cancilleria.gov.ar,https://www.facebook.com/ArgentinaEnRiodeJaneiro/  //  https://www.instagram.com/consuladoargentinoenrio/  //  
CROMA,Consulado  General  en  Roma,REPÚBLICA  ITALIANA,EUROPA  OCCIDENTAL,ITA,Activo,www.croma.mrecic.gov.ar,https://www.facebook.com/ArgEnRoma  //  https://www.instagram.com/consuladoargentinoenroma  //  
CSBAH,Consulado  en  Salvador  de  Bahía,REPÚBLICA  FEDERATIVA  DEL  BRASIL,AMÉRICA  DEL  SUR,BRA,Activo,https://csbah.cancilleria.gob.ar,https://www.instagram.com/argentinaensalvador  //  https://www.facebook.com/ArgentinaenSalvador  //  https://twitter.com/ArgentinaEnSSA  //  
CSCRS,Consulado  General  y  Centro  de  Promoción  en  Santa  Cruz,ESTADO  PLURINACIONAL  DE  BOLIVIA,AMÉRICA  DEL  SUR,BOL,Activo,https://cscrs.cancilleria.gob.ar/,www.instagram.com/consuladoargentinoscz  //  https://www.facebook.com/profile.php?id=100069410160459&mibextid=ZbWKwL  //  
CSHAN,Consulado  General  y  Centro  de  Promoción  en  Shanghái,REPÚBLICA  POPULAR  DE  CHINA,ASIA,CHN,Activo,www.cshan.mrecic.gov.ar,
CSIDN,Consulado  General  en  Sidney,AUSTRALIA,OCEANÍA,AUS,Activo,http://csidn.mrecic.gov.ar,https://www.facebook.com/ArgentinaEnSidney/  //  https://www.instagram.com/argentinaensydney/  //  
CSIGO,Consulado  General  en  Santiago,REPÚBLICA  DE  CHILE,AMÉRICA  DEL  SUR,CHL,Activo,www.csigo.mrecic.gov.ar,http://www.x.com/ConsuladoCSIGO  //  
CSLTO,Consulado  en  Salto,REPÚBLICA  ORIENTAL  DEL  URUGUAY,AMÉRICA  DEL  SUR,URY,Activo,www.cslto.mrecic.gov.ar,@consuladoargentinoensalto  //  
CTARI,Consulado  General  en  Tarija,ESTADO  PLURINACIONAL  DE  BOLIVIA,AMÉRICA  DEL  SUR,BOL,Activo,ctari.mrecic.gov.ar,
CTENE,Consulado  en  Tenerife,REINO  DE  ESPAÑA,EUROPA  OCCIDENTAL,ESP,Activo,www.ctene.cancilleria.gov.ar,www.facebook.com/argentinaentenerife  //  
CTORO,Consulado  General  en  Toronto,CANADÁ,AMÉRICA  DEL  NORTE,CAN,Activo,www.ctoro.mrecic.gov.ar,https://www.facebook.com/ArgentinaEnToronto/  //  https://www.instagram.com/consuladoargtoronto/  //  
CURUG,Consulado  en  Uruguayana,REPÚBLICA  FEDERATIVA  DEL  BRASIL,AMÉRICA  DEL  SUR,BRA,Activo,Curug.Cancilleria.gov.ar,https://www.facebook.com/ArgEnUruguayana/  //  https://twitter.com/CURUGoK  //  https://instagram.com/consuladouruguayana  //  
CVALP,Consulado  General  en  Valparaíso,REPÚBLICA  DE  CHILE,AMÉRICA  DEL  SUR,CHL,Activo,cvalp.cancilleria.gob.ar,https://www.facebook.com/ArgentinaEnValparaiso  //  https://www.instagram.com/argenvalparaiso/  //  
CVIGO,Consulado  General  en  Vigo,REINO  DE  ESPAÑA,EUROPA  OCCIDENTAL,ESP,Activo,http://cvigo.cancilleria.gob.ar,https://www.facebook.com/ArgentinaenVigo  //  https://www.instagram.com/argenvigo/  //  
CVILL,Consulado  en  Villazon,ESTADO  PLURINACIONAL  DE  BOLIVIA,AMÉRICA  DEL  SUR,BOL,Activo,cvill.cancilleria.gob.ar,https://www.facebook.com/ConsuladoArgentinoenVillazon  //  https://twitter.com/ArgentinaenVill  //  
CYACU,Consulado  en  Yacuiba,ESTADO  PLURINACIONAL  DE  BOLIVIA,AMÉRICA  DEL  SUR,BOL,Activo,https://cyacu.cancilleria.gob.ar,
DIGAC,Argentinos  en  el  exterior,REPÚBLICA  ARGENTINA,AMÉRICA  DEL  SUR,ARG,Activo,cancilleria.gob.ar,
EALEM,Embajada  en  Alemania,REPÚBLICA  FEDERAL  DE  ALEMANIA,EUROPA  OCCIDENTAL,DEU,Activo,https://ealem.cancilleria.gob.ar,https://www.facebook.com/ArgEnAlemania/  //  https://www.instagram.com/argindeu/  //  
EANGO,Embajada  en  Angola,REPÚBLICA  DE  ANGOLA,ÁFRICA  SUBSAHARIANA,AGO,Activo,eango.mrecic.gov.ar,https://www.facebook.com/ArgentinaEnAngola/  //  https://www.instagram.com/embargentinaenangola/  //  
EARAB,Embajada  en  Arabia  Saudita,REINO  DE  ARABIA  SAUDITA,ASIA,SAU,Activo,http://earab.mrecic.gov.ar,https://www.facebook.com/argentinaenarabiasaudita/  //  https://twitter.com/ensaudita  //  https://www.instagram.com/arginsaudi/  //  
EARGE,Embajada  en  Argelia,REPÚBLICA  ARGELINA  DEMOCRÁTICA  Y  POPULAR,ÁFRICA  DEL  NORTE  Y  CERCANO  ORIENTE,DZA,Activo,https://earge.cancilleria.gob.ar/,https://twitter.com/ARGenArgelia  //  https://instagram.com/argenargelia  //  facebook.com/ArgentinaEnArgelia  //  
EARME,Embajada  en  Armenia,REPÚBLICA  DE  ARMENIA,ASIA,ARM,Activo,earme.cancilleria.gob.ar,https://www.instagram.com/arginarmenia/  //  https://www.facebook.com/ArgentinaEnArmenia  //  https://twitter.com/ARGinArmenia  //  
EASIR,Embajada  en  Siria,REPÚBLICA  ÁRABE  SIRIA,ASIA,SYR,Activo,www.easir.cancilleria.gob.ar,https://www.facebook.com/Embajada-Argentina-en-Siria-112176794025495  //  
EAUST,Embajada  en  Australia,AUSTRALIA,OCEANÍA,AUS,Activo,http://eaust.mrecic.gov.ar,https://www.facebook.com/ArgentinaEnAustralia/  //  https://twitter.com/ARGinAustralia  //  
EAZER,Embajada  en  Azerbaiyán,REPÚBLICA  DE  AZERBAIYÁN,ASIA,AZE,Activo,eazer.cancilleria.gob.ar,https://www.facebook.com/EmbassyOfArgentina/  //  www.instagram.com/embargentinaaz  //  www.twitter.com/ARGEnAzer  //  
EBANG,Embajada  en  Bangladesh,REPÚBLICA  POPULAR  DE  BANGLADESH,ASIA,BGD,Activo,ebang.cancilleria.gob.ar,EmbARGenBGD  //  embajada.argentina.en.bangladesh  //  embargenbgd  //  https://www.linkedin.com/showcase/argenbangladesh/  //  
EBARB,Embajada  en  Barbados,BARBADOS,AMÉRICA  CENTRAL  Y  CARIBE,BRB,Activo,ebarb.cancilleria.gob.ar,https://www.facebook.com/ArgentinaEnBarbados/  //  
EBELG,Embajada  en  Bélgica,Reino  de  Bélgica,EUROPA  OCCIDENTAL,BEL,Activo,http://ebelg.cancilleria.gob.ar,https://www.facebook.com/ArgentinaEnBelgica/  //  https://www.instagram.com/argenbelgica/  //  
EBOLV,Embajada  en  Bolivia,ESTADO  PLURINACIONAL  DE  BOLIVIA,AMÉRICA  DEL  SUR,BOL,Activo,ebolv.mrecic.gov.ar,https://twitter.com/embaargbolivia  //  https://www.facebook.com/EmbajadaArgentinaBolivia  //  https://www.instagram.com/embajada_argentina_en_bolivia/  //  
EBRAS,Embajada  en  Brasil,REPÚBLICA  FEDERATIVA  DEL  BRASIL,AMÉRICA  DEL  SUR,BRA,Activo,ebras.cancilleria.gob.ar,https://www.instagram.com/embaargenbrasil  //  https://twitter.com/ArgentinaEnBras  //  https://www.facebook.com/embargbrasil  //  
EBULG,Embajada  en  Bulgaria,REPÚBLICA  DE  BULGARIA,EUROPA  CENTRAL  Y  ORIENTAL,BGR,Activo,http://ebulg.mrecic.gov.ar,https://www.facebook.com/ArgentinaEnBulgaria/  //  https://www.youtube.com/channel/UCK-uSxN84lEMqJwCviEjZow  //  
ECANA,Embajada  en  Canadá,CANADÁ,AMÉRICA  DEL  NORTE,CAN,Activo,https://ecana.cancilleria.gob.ar/,https://www.facebook.com/ArgentinaInCanada  //  https://www.youtube.com/channel/UC77DGXZ2ppExRtV4WS4IV-A  //  https://twitter.com/ArginCanada  //  https://www.instagram.com/argentinaincanada/  //  https://www.linkedin.com/company/argentinaincanada  //  
ECEUR,Embajada  ante  la  Unión  Europea,Reino  de  Bélgica,EUROPA  OCCIDENTAL,BEL,Activo,eceur.cancilleria.gob.ar,https://www.facebook.com/ARGanteUE  //  https://www.linkedin.com/company/arganteue  //  https://twitter.com/ARGanteUE  //  https://www.youtube.com/@ARGanteUE  //  https://www.instagram.com/arganteue/  //  
ECHES,Embajada  en  República  Checa,REPÚBLICA  CHECA,EUROPA  CENTRAL  Y  ORIENTAL,CZE,Activo,https://eches.cancilleria.gob.ar/,https://www.facebook.com/ArgentinaEnRepCheca/  //  https://www.instagram.com/argentinaenpraga  //  
ECHIN,Embajada  en  China,REPÚBLICA  POPULAR  DE  CHINA,ASIA,CHN,Activo,https://echin.cancilleria.gob.ar,https://www.facebook.com/ArgentinaEnChina  //  
ECOLO,Embajada  en  Colombia,REPÚBLICA  DE  COLOMBIA,AMÉRICA  DEL  SUR,COL,Activo,https://ecolo.cancilleria.gob.ar,https://twitter.com/argcolombia  //  https://www.facebook.com/ArgColombia/?ref=bookmarks  //  https://www.instagram.com/argentinaencolombia  //  
ECORE,Embajada  en  la  República  de  Corea,REPÚBLICA  DE  COREA,ASIA,KOR,Activo,https://ecore.cancilleria.gob.ar/,https://www.facebook.com/ArgentinaEnCorea/  //  https://www.instagram.com/embajadaargentinaencorea1/?hl=es  //  
ECUBA,Embajada  en  Cuba,REPÚBLICA  DE  CUBA,AMÉRICA  CENTRAL  Y  CARIBE,CUB,Activo,www.ecuba.mrecic.gov.ar,https://www.facebook.com/ArgentinaEnCubaLaHabana/  //  https://www.instagram.com/argentinaencuba/  //  
EDINA,Embajada  en  Dinamarca,REINO  DE  DINAMARCA,EUROPA  OCCIDENTAL,DNK,Activo,edina.mrecic.gov.ar/,https://www.facebook.com/EmbajadadeArgentinaenDinamarca/  //  https://www.instagram.com/argentinaindenmark?igsh=dTI4cDN6NHFpYWM0  //  https://www.linkedin.com/company/embajada-de-la-rep-blica-argentina-en-dinamarca  //  
EDOMI,Embajada  en  República  Dominicana,REPÚBLICA  DOMINICANA,AMÉRICA  CENTRAL  Y  CARIBE,DOM,Activo,edomi.cancilleria.gob.ar,https://es-la.facebook.com/ArgentinaEnRepublicaDominicana/  //  https://www.instagram.com/argentinaenrd/  //  
EEARB,Embajada  en  Emiratos  Árabes  Unidos,EMIRATOS  ÁRABES  UNIDOS,ASIA,ARE,Activo,eearb.mrecic.gov.ar,https://www.facebook.com/ArgentinaEnEmiratosArabesUnidos  //  
EECUA,Embajada  en  Ecuador,REPÚBLICA  DEL  ECUADOR,AMÉRICA  DEL  SUR,ECU,Activo,https://eecua.cancilleria.gob.ar,https://www.facebook.com/Argentina-en-Ecuador-772092829594964/?ref=bookmarks  //  https://instagram.com/argentinaenecuador?igshid=1pzlw4ojakxjh  //  https://www.youtube.com/channel/UC7FnoaJNif8jQLyBb4QDKng  //  
EEEUU,Embajada  en  Estados  Unidos,Estados  Unidos  de  América,AMÉRICA  DEL  NORTE,USA,Activo,https://eeeuu.cancilleria.gob.ar/,https://twitter.com/ARGinUSA  //  https://www.facebook.com/ARGinUSA/  //  https://www.instagram.com/ARGinUSA/  //  https://www.flickr.com/photos/ARGinUSA/  //  https://www.youtube.com/ARGinUSA  //  www.linkedin.com/in/ARGinUSA  //  
EEGIP,Embajada  en  Egipto,REPÚBLICA  ÁRABE  DE  EGIPTO,ÁFRICA  DEL  NORTE  Y  CERCANO  ORIENTE,EGY,Activo,eegip.cancilleria.gob.ar,instagram.com/argenegipto/  //  twitter.com/ARGenEgipto  //  facebook.com/ArgentinaenEgipto  //  
EEOEA,Misión  Permanente  ante  la  Organización  de  Estados  Americanos,Estados  Unidos  de  América,AMÉRICA  DEL  NORTE,USA,Activo,www.eeoea.mrecic.gov.ar,www.facebook.com/ARGenOEA/  //  www.instagram.com/argenoea/  //  www.twitter.com/ARGenOEA  //  www.youtube.com/channel/UCqjmCa0UfL3_I3Ovqz5ZAag/featured  //  
EESPA,Embajada  en  España,REINO  DE  ESPAÑA,EUROPA  OCCIDENTAL,ESP,Activo,https://eespa.cancilleria.gob.ar/,https://twitter.com/ARGenesp  //  https://www.facebook.com/argenespa/  //  https://www.instagram.com/argenespa/  //  https://www.linkedin.com/company/83543239/admin/dashboard/  //  
EETIO,Embajada  en  Etiopía,REPÚBLICA  DEMOCRÁTICA  FEDERAL  DE  ETIOPÍA,ÁFRICA  SUBSAHARIANA,ETH,Activo,https://eetio.cancilleria.gob.ar/,https://www.facebook.com/ArgEnEtiopia/  //  https://twitter.com/arethiopia  //  https://www.instagram.com/embaargenetiopia/  //  
EFILI,Embajada  en  Filipinas,REPÚBLICA  DE  FILIPINAS,ASIA,PHL,Activo,efili.cancilleria.gob.ar,https://www.facebook.com/ArgentinaEnFilipinas  //  https://www.instagram.com/argentinaenfilipinas/  //  https://twitter.com/ArgentinaEnFili  //  
EFINL,Embajada  en  Finlandia,REPÚBLICA  DE  FINLANDIA,EUROPA  OCCIDENTAL,FIN,Activo,https://efinl.cancilleria.gob.ar,www.facebook.com/ArgentinaEnFinlandia/  //  www.instagram.com/argenfinlandia/  //  
EFRAN,Embajada  en  Francia,REPÚBLICA  FRANCESA,EUROPA  OCCIDENTAL,FRA,Activo,efran.mrecic.gov.ar,https://www.facebook.com/ArgentinaEnFrancia/  //  
EFRUS,Embajada  en  Rusia,FEDERACIÓN  DE  RUSIA,EUROPA  CENTRAL  Y  ORIENTAL,RUS,Activo,efrus.cancilleria.gob.ar,https://www.facebook.com/EMBAJADAARGENTINAENMOSCU  //  https://twitter.com/EmbArgRusia  //  
EGREC,Embajada  en  Grecia,REPÚBLICA  HELÉNICA,EUROPA  OCCIDENTAL,GRC,Activo,egrec.cancilleria.gov.ar,https://www.facebook.com/ArgentinaEnGrecia  //  https://www.youtube.com/channel/UCFaKsErEs33zEdzJbnrzOog/featured  //    embajadaargentinaengrecia  //  @ArgenGrecia  //  
EGUAT,Embajada  en  Guatemala,REPÚBLICA  DE  GUATEMALA,AMÉRICA  CENTRAL  Y  CARIBE,GTM,Activo,http://eguat.cancilleria.gov.ar/,https://x.com/ARGenGuatemala  //  https://www.facebook.com/emba.arge.7  //  https://www.instagram.com/argenguatemala/  //  
EGUYA,Embajada  en  Guyana,REPÚBLICA  COOPERATIVA  DE  GUYANA,AMÉRICA  CENTRAL  Y  CARIBE,GUY,Activo,eguya.cancilleria.gov.ar,
EHAIT,Embajada  en  Haití,REPÚBLICA  DE  HAITÍ,AMÉRICA  CENTRAL  Y  CARIBE,HTI,Activo,http://ehait.mrecic.gov.ar,
EHILE,Embajada  en  Chile,REPÚBLICA  DE  CHILE,AMÉRICA  DEL  SUR,CHL,Activo,https://ehile.cancilleria.gob.ar,https://twitter.com/EmbArgEnChile  //  https://www.facebook.com/EmbArgentinaEnChile  //  https://www.instagram.com/embargenchile/  //  
EHOND,Embajada  en  Honduras,REPÚBLICA  DE  HONDURAS,AMÉRICA  CENTRAL  Y  CARIBE,HND,Activo,ehond.cancilleria.gob.ar,https://twitter.com/argenhonduras  //  https://www.facebook.com/ArgentinaEnHonduras  //  https://www.instagram.com/argenhonduras  //  
EINDI,Embajada  en  India,REPÚBLICA  DE  LA  INDIA,ASIA,IND,Activo,https://eindi.cancilleria.gob.ar/,https://twitter.com/ArgentinaEnInd  //  https://www.facebook.com/ArgentinaEnInd  //  https://www.instagram.com/argentinaenind/  //  
EIRAN,Embajada  en  Irán,REPÚBLICA  ISLÁMICA  DE  IRÁN,ASIA,IRN,Activo,www.eiran.mrecic.gob.ar,
EIRLA,Embajada  en  Irlanda,IRLANDA,EUROPA  OCCIDENTAL,IRL,Activo,https://eirla.cancilleria.gob.ar,https://www.facebook.com/ArgentinaEnIrlanda/  //  https://www.instagram.com/embajadaargentinairlanda  //  
EISIA,Embajada  en  Indonesia,REPÚBLICA  DE  INDONESIA,ASIA,IDN,Activo,www.eisia.mrecic.gov.ar,https://www.instagram.com/argentinaindonesia  //  
EISRA,Embajada  en  Israel,ESTADO  DE  ISRAEL,ASIA,ISR,Activo,http://www.eisra.cancilleria.gov.ar/,https://www.facebook.com/ArgEnIsrael  //  https://twitter.com/argenisrael  //  
EITAL,Embajada  en  Italia,REPÚBLICA  ITALIANA,EUROPA  OCCIDENTAL,ITA,Activo,https://eital.cancilleria.gob.ar,https://es-la.facebook.com/emb.roma/  //  https://twitter.com/arginitalia?lang=es  //  https://www.instagram.com/arginitalia/?hl=es  //  
EJAMA,Embajada  en  Jamaica,JAMAICA,AMÉRICA  CENTRAL  Y  CARIBE,JAM,Activo,www.ejama.mrecic.gov.ar,https://www.facebook.com/ArgentinaEnJamaica/  //  https://twitter.com/ARGenJamaica  //  argentinaenjamaica  //  
EJAPO,Embajada  en  Japón,日本国  (JAPÓN),ASIA,JPN,Activo,http:ejapo.mrecic.gov.ar,https://www.instagram.com/embajadaargentinaenjapon/  //  https://www.facebook.com/ArgJapon/?ref=bookmarks  //  www.twitter.com/ARGenJapon_  //  
EKENY,Embajada  en  Kenya,REPÚBLICA  DE  KENYA,ÁFRICA  SUBSAHARIANA,KEN,Activo,https://ekeny.cancilleria.gob.ar/,www.facebook.com/ArgentinaEnKenia  //  https://www.instagram.com/argenkenya/  //  https://twitter.com/ArgenKenya  //  
EKUWA,Embajada  en  Kuwait,ESTADO  DE  KUWAIT,ASIA,KWT,Activo,ekuwa@mrecic.gov.ar,www.facebook.com/ArgentinaenKuwait  //  
ELBIA,Embajada  en  Libia,ESTADO  DE  LIBIA,ÁFRICA  DEL  NORTE  Y  CERCANO  ORIENTE,LBY,Activo,https://etune.cancilleria.gob.ar/es,
ELBNO,Embajada  en  Líbano,REPÚBLICA  LIBANESA,ASIA,LBN,Activo,www.elbno.mrecic.gov.ar,https://www.facebook.com/ArgentinaEnLibano  //  https://www.instagram.com/argentinaenlibano/  //  
ELUCI,Embajada  en  Santa  Lucía,SANTA  LUCÍA,AMÉRICA  CENTRAL  Y  CARIBE,LCA,Inactivo,eluci.cancilleria.gob.ar,
EMARR,Embajada  en  Marruecos,REINO  DE  MARRUECOS,ÁFRICA  DEL  NORTE  Y  CERCANO  ORIENTE,MAR,Activo,https://emarr.cancilleria.gob.ar,https://www.instagram.com/argenmarruecos/  //  https://twitter.com/ArgMarruecos  //  
EMEXI,Embajada  en  México,ESTADOS  UNIDOS  MEXICANOS,AMÉRICA  DEL  NORTE,MEX,Activo,www.emexi.cancilleria.gob.ar,https://twitter.com/@ARGenMexico  //  https://www.facebook.com/ARGenMexico/  //  https://www.instagram.com/embargenmexico/  //  https://www.youtube.com/user/EmbaArgenMX  //  
EMFAO,Misión  Permanente  ante  la  Organización  de  las  Naciones  Unidas  para  la  Alimentación  y  la  Agricultura,REPÚBLICA  ITALIANA,EUROPA  OCCIDENTAL,ITA,Activo,emfao.cancilleria.gob.ar,
EMOZA,Embajada  en  Mozambique,REPÚBLICA  DE  MOZAMBIQUE,ÁFRICA  SUBSAHARIANA,MOZ,Activo,https://emoza.cancilleria.gob.ar,https://www.facebook.com/ArgentinaEnMozambique/  //  https://www.instagram.com/argenmozambique //  
EMSIA,Embajada  en  Malasia,MALASIA,ASIA,MYS,Activo,https://emsia.cancilleria.gob.ar,https://www.facebook.com/ArgentinaEnMalasia  //  
EMSUR,Representación  Permanente  para  MERCOSUR  y  ALADI,REPÚBLICA  ORIENTAL  DEL  URUGUAY,AMÉRICA  DEL  SUR,URY,Activo,eurug.cancilleria.gov.ar,https://www.facebook.com/ArgentinaEnUru/?locale=es_LA  //  https://www.instagram.com/argentinaenuru  //  https://twitter.com/ArgentinaEnUru  //  
ENAUN,Representación  Permanente  ante  las  Naciones  Unidas,Estados  Unidos  de  América,AMÉRICA  DEL  NORTE,USA,Activo,enaun.mrecic.gov.ar,https://twitter.com/ArgentinaUN  //  
ENICA,Embajada  en  Nicaragua,REPÚBLICA  DE  NICARAGUA,AMÉRICA  CENTRAL  Y  CARIBE,NIC,Activo,https://enica.cancilleria.gob.ar,https://www.facebook.com/ArgentinaEnNicaragua  //  https://www.instagram.com/argennicaragua  //  
ENIGE,Embajada  en  Nigeria,REPÚBLICA  FEDERAL  DE  NIGERIA,ÁFRICA  SUBSAHARIANA,NGA,Activo,enige.cancilleria.gob.ar,https://www.facebook.com/ArgentinaEnNigeria/  //  https://www.instagram.com/embargennigeria/?igshid=f0laoeu8lhv8  //  
ENORU,Embajada  en  Noruega,REINO  DE  NORUEGA,EUROPA  OCCIDENTAL,NOR,Activo,https://enoru.cancilleria.gob.ar/,https://www.facebook.com/ArgentinaEnNoruega/  //  https://www.instagram.com/arginnorway/  //  https://x.com/arginnorway?lang=en  //  https://www.linkedin.com/company/embajada-de-la-rep%C3%BAblica-argentina-ante-el-reino-de-noruega-argentine-embassy-to-norway  //  
ENZEL,Embajada  en  Nueva  Zelandia,NUEVA  ZELANDIA,OCEANÍA,NZL,Activo,https://enzel.cancilleria.gob.ar,https://twitter.com/argennz  //  https://www.instagram.com/argentinaennuevazelandia //  https://www.facebook.com/ArgentinaenNuevaZelandia/  //  
EOIRS,Misión  Permanente  ante  los  Organismos  Internacionales  en  Ginebra,Confederación  Suiza,EUROPA  OCCIDENTAL,CHE,Activo,www.eoirs.cancilleria.gov.ar  ,https://www.facebook.com/ArgentinaEnGinebra  //  https://www.instagram.com/mision.argentina/  //  https://twitter.com/ArgentinaONUOMC    //  https://www.youtube.com/channel/UCSOsChik8j7nFJZnPq6K7Ag  //  
EPAKI,Embajada  en  Pakistán,REPÚBLICA  ISLÁMICA  DE  PAKISTÁN,ASIA,PAK,Activo,epaki.cancilleria.gob.ar,https://www.instagram.com/argentinaenpakistan/  //  
EPARA,Embajada  en  Paraguay,REPÚBLICA  DEL  PARAGUAY,AMÉRICA  DEL  SUR,PRY,Activo,epara.cancilleria.gov.ar,https://twitter.com/argenparaguay_  //  https://www.facebook.com/embajada.paraguay  //  
EPBAJ,Embajada  en  Holanda,REINO  DE  LOS  PAÍSES  BAJOS,EUROPA  OCCIDENTAL,NLD,Activo,www.epbaj.mrecic.gov.ar,https://www.facebook.com/ArgEnPaisesBajos/  //  https://twitter.com/ArgentinaEnPB  //  https://www.instagram.com/argenpaisesbajos/  //  
EPERU,Embajada  en  Perú,REPÚBLICA  DEL  PERÚ,AMÉRICA  DEL  SUR,PER,Activo,www.eperu.mrecic.gov.ar,https://twitter.com/Emb_Arg_Peru  //  https://www.facebook.com/ArgentinaEnPeru  //  https://www.instagram.com/argenperu_ //  
EPNMA,Embajada  en  Panamá,REPÚBLICA  DE  PANAMÁ,AMÉRICA  CENTRAL  Y  CARIBE,PAN,Activo,www.epnma.cancilleria.gob.ar,https://www.facebook.com/ArgentinaEnPanama //  https://www.instagram.com/argentinaenpanama //  
EPOLO,Embajada  en  Polonia,REPÚBLICA  DE  POLONIA,EUROPA  CENTRAL  Y  ORIENTAL,POL,Activo,https://epolo.cancilleria.gob.ar,https://www.facebook.com/profile.php?id=61560600343776  //  
EPORT,Embajada  en  Portugal,REPÚBLICA  PORTUGUESA,EUROPA  OCCIDENTAL,PRT,Activo,eport.mrecic.gov.ar,https://www.instagram.com/embargentinaportugal //  
EQATR,Embajada  en  Qatar,ESTADO  DE  QATAR,ASIA,QAT,Activo,eqatr.mrecic.gov.ar,https://www.instagram.com/embargenqatar  //  https://twitter.com/embargenqatar //  
ERICA,Embajada  en  Costa  Rica,REPÚBLICA  DE  COSTA  RICA,AMÉRICA  CENTRAL  Y  CARIBE,CRI,Activo,https://erica.cancilleria.gob.ar,https://www.facebook.com/argentinaencostarica/  //  https://www.instagram.com/argencostarica/  //  
ERUMA,Embajada  en  Rumania,RUMANIA,EUROPA  CENTRAL  Y  ORIENTAL,ROU,Activo,https://eruma.cancilleria.gob.ar/,https://www.facebook.com/ArgentinaEnRumania  //  
ERUNI,Embajada  en  Reino  Unido,REINO  UNIDO  DE  GRAN  BRETAÑA  E  IRLANDA  DEL  NORTE,EUROPA  OCCIDENTAL,GRB,Activo,https://eruni.cancilleria.gob.ar,https://twitter.com/ARGinUK  //  https://www.facebook.com/ARGinUK/  //  https://www.flickr.com/photos/138300767@N07/albums  //  https://www.instagram.com/arginuk/  //  https://www.youtube.com/channel/UCzaGU10f-77SR56kini9-1g/videos?view_as=subscriber  //  
ESAFR,Embajada  en  Sudáfrica,REPÚBLICA  DE  SUDÁFRICA,ÁFRICA  SUBSAHARIANA,ZAF,Activo,http://esafr.mrecic.gov.ar/,facebook.com/ArgenSudafrica  //  https://twitter.com/EmbArgentina  //  https://www.instagram.com/argentinaensudafrica  //  
ESALV,Embajada  en  El  Salvador,REPÚBLICA  DE  EL  SALVADOR,AMÉRICA  CENTRAL  Y  CARIBE,SLV,Activo,https://esalv.cancilleria.gob.ar,https://twitter.com/ARGenElSalvador  //  https://www.facebook.com/ArgentinaEnElSalvador/  //  https://www.instagram.com/embargenelsalvador/  //  
ESENE,Embajada  en  Senegal,REPÚBLICA  DE  SENEGAL,ÁFRICA  SUBSAHARIANA,SEN,Activo,https://esene.cancilleria.gob.ar/,https://twitter.com/argensenegal  //  
ESERB,Embajada  en  Serbia,REPÚBLICA  DE  SERBIA,EUROPA  CENTRAL  Y  ORIENTAL,SRB,Activo,https://eserb.cancilleria.gob.ar,https://argentinaenserbia/ //  https://arginserbia/ //  
ESING,Embajada  en  Singapur,REPÚBLICA  DE  SINGAPUR,ASIA,SGP,Activo,https://esing.cancilleria.gob.ar,https://twitter.com/ARGinSingapore  //  https://instagram.com/argentine_embassy_singapore?igshid=YmMyMTA2M2Y=  //  
ESSED,Representación  ante  la  Santa  Sede,SANTA  SEDE,EUROPA  OCCIDENTAL,VAT,Activo,essed.mrecic.gov.ar,https://twitter.com/ArgSantaSede  //  https://www.youtube.com/c/EmbajadaArgentinaantelaSantaSede  //  https://www.facebook.com/ArgEnSantaSede  //  https://www.instagram.com/argensantasede/  //  
ESUEC,Embajada  en  Suecia,REINO  DE  SUECIA,EUROPA  OCCIDENTAL,SWE,Activo,www.esuec.mrecic.gov.ar,https://www.linkedin.com/company/argentinainsweden/  //  https://www.facebook.com/arginsweden/  //  https://www.instagram.com/arginsweden/  //  
ESUIZ,Embajada  en  Suiza,Confederación  Suiza,EUROPA  OCCIDENTAL,CHE,Activo,esuiz.cancilleria.gob.ar,
ESURI,Embajada  en  Surinam,REPÚBLICA  DE  SURINAME,AMÉRICA  DEL  SUR,SUR,Activo,esuri.cancilleria.gob.ar,
ETAIL,Embajada  en  Tailandia,REINO  DE  TAILANDIA,ASIA,THA,Activo,https://etail.cancilleria.gob.ar,https://www.facebook.com/Embajada.Argentina.Tailandia/  //  
ETRIA,Embajada  en  Austria,REPÚBLICA  DE  AUSTRIA,EUROPA  OCCIDENTAL,AUT,Activo,https://etria.cancilleria.gob.ar,https://www.facebook.com/ArgentinaEnAustria/  //  https://twitter.com/ARGenViena  //  https://www.instagram.com/argenviena/  //  
ETRIN,Embajada  en  Trinidad  y  Tobago,REPÚBLICA  DE  TRINIDAD  Y  TOBAGO,AMÉRICA  CENTRAL  Y  CARIBE,TTO,Activo,www.etrin.mrecic.gov.ar,www.facebook.com/ArgentinaEnTrinidadYTobago  //  https://twitter.com/arg_mrec_tt  //  
ETUNE,Embajada  en  Túnez,REPÚBLICA  TUNECINA,ÁFRICA  DEL  NORTE  Y  CERCANO  ORIENTE,TUN,Activo,etune.cancilleria.gob.ar,https://www.facebook.com/ArgEnTunez/  //  https://www.twitter.com/EmbajadaTunez  //  https://www.instagram.com/embargentinatn  //  https://www.youtube.com/channel/UC8kSZug1SPHrp3r1hGzhjtg  //  
ETURQ,Embajada  en  Türkiye,República  de  Türkiye,EUROPA  OCCIDENTAL,TUR,Activo,https://eturq.cancilleria.gob.ar,https://www.facebook.com/Argentinaenturquia/  //  https://www.instagram.com/embargenturquia  //  https://twitter.com/ARGenTurquia  //  
EUCRA,Embajada  en  Ucrania,UCRANIA,EUROPA  CENTRAL  Y  ORIENTAL,UKR,Activo,https://eucra.cancilleria.gob.ar,https://www.facebook.com/ArgentinaEnUcrania  //  https://www.instagram.com/argenucrania/  //  
EUNES,"Delegación  Permanente  ante  la  Organización  de  las  Naciones  Unidas  para  la  Educación, la  Ciencia  y  la  Cultura",REPÚBLICA  FRANCESA,EUROPA  OCCIDENTAL,FRA,Activo,www.eunes.mrecic.gov.ar,https://twitter.com/ArgentinaUNESCO  //  https://www.facebook.com/delegation.argentine/  //  
EUNGR,Embajada  en  Hungría,HUNGRÍA,EUROPA  CENTRAL  Y  ORIENTAL,HUN,Activo,https://eungr.cancilleria.gob.ar,https://www.facebook.com/ArgentinaEnHungria  //  https://twitter.com/EmbArgHungria  //  https://www.instagram.com/argentinaenhungria/  //  
EURUG,Embajada  en  Uruguay  -  Representación  Permanente  para  MERCOSUR  y  ALADI,REPÚBLICA  ORIENTAL  DEL  URUGUAY,AMÉRICA  DEL  SUR,URY,Activo,eurug.mrecic.gov.ar,https://twitter.com/ArgentinaEnUru  //  https://www.facebook.com/ArgentinaEnUru/  //  https://www.instagram.com/argentinaenuru/  //  
EVENE,Embajada  en  Venezuela,REPÚBLICA  BOLIVARIANA  DE  VENEZUELA,AMÉRICA  DEL  SUR,VEN,Activo,http://www.evene.mrecic.gov.ar,https://twitter.com/argenvenezuela?lang=es  //  https://www.facebook.com/EmbajadaArgentinaEnVenezuela  //  https://www.instagram.com/argenvenezuela/  //  
EVIET,Embajada  en  Vietnam,REPÚBLICA  SOCIALISTA  DE  VIETNAM,ASIA,VNM,Activo,https://eviet.cancilleria.gob.ar,https://www.facebook.com/ArgentinaEnVietnam/  //  https://www.instagram.com/argenvietnam/  //  
OCCAT,Oficina  de  Representación  Comercial  y  Cultural  en  Taiwan,REPÚBLICA  POPULAR  DE  CHINA,ASIA,CHN,Activo,occat.mrecic.gob.ar,
REPAL,Oficina  de  Representación  en  el  Estado  de  Palestina,ESTADO  DE  PALESTINA,ASIA,PSE,Activo,repal.mrecic.gov.ar,https://www.facebook.com/ArgEnPalestina  //  