red_id,sede_id,nombre,url
1,CALEG,twitter,https://twitter.com/ArgPortoAlegre
2,CALEG,facebook,https://www.facebook.com/ArgentinaEnPortoAlegre/
3,CALEG,instagram,https://www.instagram.com/argenportoalegre/
4,CANTO,facebook,https://www.facebook.com/Consulado-de-la-Rep%C3%BAblica-Argentina-en-Antofagasta-255728465291743/
5,CANTO,instagram,https://www.instagram.com/consulargantofagasta/
6,CAREN,facebook,https://www.facebook.com/profile.php?id=100014152878593
7,CATLA,instagram,https://www.instagram.com/ARGenAtlanta
8,CATLA,facebook,https://www.facebook.com/ARGenAtlanta
9,CATLA,otra,https://www.linkedin.com/company/ARGenAtlanta
10,CATLA,twitter,https://www.twitter.com/ARGenAtlanta
11,CBARC,facebook,https://www.facebook.com/ArgEnBarcelona/
12,CBARC,twitter,https://www.twitter.com/argenbarcelona
13,CBARC,instagram,https://www.instagram.com/argenbarcelona/
14,CBARC,youtube,https://www.youtube.com/@consuladoargentinoenbarcel2664
15,CBARC,otra,https://www.linkedin.com/company/consulado-y-centro-de-promoci%C3%B3n-de-la-republica-argentina-en-barcelona
16,CBELO,facebook,https://www.facebook.com/ArgentinaEnBeloHorizonte/
17,CBELO,twitter,https://www.twitter.com/consgralbelo
18,CBELO,instagram,https://www.instagram.com/consgralbelo/
19,CBONN,facebook,https://www.facebook.com/ConsuladoArgentinoenBonn
20,CBONN,instagram,http://www.instagram.com/argentinaenbonn
21,CCADI,facebook,https://www.facebook.com/ArgentinaEnCadiz
22,CCEST,facebook,https://www.facebook.com/ArgEnCiudaddeleste/
23,CCEST,instagram,https://www.instagram.com/argenciudaddeleste
24,CCHIC,twitter,https://www.twitter.com/argenchicago
25,CCHIC,facebook,https://www.facebook.com/ArgentinaEnChicago
26,CCHIC,youtube,https://www.youtube.com/channel/UCjZ3a6zTr156aP_zg-1lQfQ/featured
27,CCHIC,instagram,https://www.instagram.com/consulado_argentino_chicago
28,CCOCH,facebook,https://www.facebook.com/ArgentinaEnCochabamba/
29,CCOLO,facebook,https://www.facebook.com/ArgentinaenColonia
30,CCURI,facebook,https://www.facebook.com/ArgEnCuritiba/
31,CCURI,instagram,https://www.instagram.com/argEncuritiba
32,CCURI,twitter,https://www.twitter.com/ARGenCuri
33,CFDIG,twitter,https://www.twitter.com/argentinaenfoz
34,CFDIG,facebook,https://www.facebook.com/ArgentinaEnFozDeIguazu
35,CFDIG,instagram,https://www.instagram.com/argentinaenfoz/
36,CFLOR,instagram,https://www.instagram.com/argenflorianopolis
37,CFLOR,facebook,https://www.facebook.com/cflor.mrecic.gov.ar
38,CGEST,facebook,https://www.facebook.com/ArgentinaEnEstambul
39,CGEST,instagram,https://www.instagram.com/consuladoargentinoenestambul/
40,CGMUM,instagram,https://www.instagram.com/argenmumbai/
41,CGTEL,facebook,https://www.facebook.com/ArgentinaEnIsrael/
42,CHAMB,instagram,https://www.instagram.com/consulado.argentino.hamburgo
43,CHAMB,facebook,https://www.facebook.com/ARGenHamburgo
44,CHONG,facebook,https://www.facebook.com/ArgEnHongKong
45,CHONG,instagram,https://www.instagram.com/consuladoargentinohongkong/
46,CHOUS,twitter,https://www.twitter.com/ARGENHOUSTON
47,CHOUS,facebook,https://www.facebook.com/ArgentinaEnHouston/
48,CHOUS,instagram,https://www.instagram.com/consuladoarghouston/
49,CLANG,facebook,https://www.facebook.com/ArgentinaEnLosAngeles/
50,CLANG,instagram,https://www.instagram.com/arg_clang/
51,CLANG,twitter,https://www.twitter.com/arg_clang
52,CLOND,instagram,https://www.instagram.com/consuladoargentinoenlondres/
53,CMADR,facebook,https://www.facebook.com/ArgentinaEnMadridEsp/
54,CMADR,instagram,https://www.instagram.com/consuladoargentinoenmadrid?igsh=MW1wMHQzbzhqMGwwbw==
55,CMALD,facebook,https://www.facebook.com/pg/ConsuladoArgentinoenMaldonado/posts/?ref=page_internal
56,CMALD,instagram,https://www.instagram.com/consulado_argentino/
57,CMALL,facebook,https://www.facebook.com/ArgentinaEnPalmaDeMallorca
58,CMALL,instagram,https://www.instagram.com/argentinaenpalmademallorca/
59,CMDEO,facebook,https://www.facebook.com/ArgentinaEnMontevideo/
60,CMDEO,instagram,https://www.instagram.com/consuladoargenmontevideo
61,CMIAM,facebook,https://www.facebook.com/consuladoargentino.miami/
62,CMIAM,instagram,https://www.instagram.com/consuladoargentinomia/
63,CMIAM,twitter,https://www.twitter.com/argenmiami/
64,CMILA,instagram,https://www.instagram.com/argenmilano/
65,CMILA,youtube,https://www.youtube.com/channel/UCZdYeN4gttYEyX15xxkUNWQ
66,CMREA,facebook,https://www.facebook.com/ArgentinaEnMontreal
67,CMREA,instagram,https://www.instagram.com/consuladoargenmontreal/
68,CMREA,youtube,https://www.youtube.com/@consuladodelarepublicadear8025
69,CNYOR,facebook,https://www.facebook.com/ARGenNewYork
70,CNYOR,twitter,https://www.twitter.com/ARGenNewYork
71,CNYOR,instagram,https://www.instagram.com/argennewyork/
72,CNYOR,youtube,https://www.youtube.com/@ARGenNewYork
73,CNYOR,otra,https://www.linkedin.com/company/argennewyork
74,CPMON,facebook,https://www.facebook.com/ArgentinaEnPuertoMontt/
75,CRECI,facebook,https://www.facebook.com/ArgentinaEnBrasilRecife
76,CRECI,instagram,https://www.instagram.com/consuladoargentinorecife
77,CRIOJ,facebook,https://www.facebook.com/ArgentinaEnRiodeJaneiro/
78,CRIOJ,instagram,https://www.instagram.com/consuladoargentinoenrio/
79,CROMA,facebook,https://www.facebook.com/ArgEnRoma
80,CROMA,instagram,https://www.instagram.com/consuladoargentinoenroma
81,CSBAH,instagram,https://www.instagram.com/argentinaensalvador
82,CSBAH,facebook,https://www.facebook.com/ArgentinaenSalvador
83,CSBAH,twitter,https://www.twitter.com/ArgentinaEnSSA
84,CSCRS,instagram,www.instagram.com/consuladoargentinoscz
85,CSCRS,facebook,https://www.facebook.com/profile.php?id=100069410160459&mibextid=ZbWKwL
86,CSIDN,facebook,https://www.facebook.com/ArgentinaEnSidney/
87,CSIDN,instagram,https://www.instagram.com/argentinaensydney/
88,CSIGO,twitter,http://www.twitter.com/ConsuladoCSIGO
89,CSLTO,instagram,https://www.instagram.com/consuladoargentinoensalto
90,CTENE,facebook,https://www.facebook.com/argentinaentenerife
91,CTORO,facebook,https://www.facebook.com/ArgentinaEnToronto/
92,CTORO,instagram,https://www.instagram.com/consuladoargtoronto/
93,CURUG,facebook,https://www.facebook.com/ArgEnUruguayana/
94,CURUG,twitter,https://www.twitter.com/CURUGoK
95,CURUG,instagram,https://www.instagram.com/consuladouruguayana
96,CVALP,facebook,https://www.facebook.com/ArgentinaEnValparaiso
97,CVALP,instagram,https://www.instagram.com/argenvalparaiso/
98,CVIGO,facebook,https://www.facebook.com/ArgentinaenVigo
99,CVIGO,instagram,https://www.instagram.com/argenvigo/
100,CVILL,facebook,https://www.facebook.com/ConsuladoArgentinoenVillazon
101,CVILL,twitter,https://www.twitter.com/ArgentinaenVill
102,EALEM,facebook,https://www.facebook.com/ArgEnAlemania/
103,EALEM,instagram,https://www.instagram.com/argindeu/
104,EANGO,facebook,https://www.facebook.com/ArgentinaEnAngola/
105,EANGO,instagram,https://www.instagram.com/embargentinaenangola/
106,EARAB,facebook,https://www.facebook.com/argentinaenarabiasaudita/
107,EARAB,twitter,https://www.twitter.com/ensaudita
108,EARAB,instagram,https://www.instagram.com/arginsaudi/
109,EARGE,twitter,https://www.twitter.com/ARGenArgelia
110,EARGE,instagram,https://www.instagram.com/argenargelia
111,EARGE,facebook,https://www.facebook.com/ArgentinaEnArgelia
112,EARME,instagram,https://www.instagram.com/arginarmenia/
113,EARME,facebook,https://www.facebook.com/ArgentinaEnArmenia
114,EARME,twitter,https://www.twitter.com/ARGinArmenia
115,EASIR,facebook,https://www.facebook.com/Embajada-Argentina-en-Siria-112176794025495
116,EAUST,facebook,https://www.facebook.com/ArgentinaEnAustralia/
117,EAUST,twitter,https://www.twitter.com/ARGinAustralia
118,EAZER,facebook,https://www.facebook.com/EmbassyOfArgentina/
119,EAZER,instagram,https://www.instagram.com/embargentinaaz
120,EAZER,twitter,https://www.twitter.com/ARGEnAzer
121,EBANG,instagram,https://www.instagram.com/embargenbgd
122,EBANG,otra,https://www.linkedin.com/showcase/argenbangladesh/
123,EBARB,facebook,https://www.facebook.com/ArgentinaEnBarbados/
124,EBELG,facebook,https://www.facebook.com/ArgentinaEnBelgica/
125,EBELG,instagram,https://www.instagram.com/argenbelgica/
126,EBOLV,twitter,https://www.twitter.com/embaargbolivia
127,EBOLV,facebook,https://www.facebook.com/EmbajadaArgentinaBolivia
128,EBOLV,instagram,https://www.instagram.com/embajada_argentina_en_bolivia/
129,EBRAS,instagram,https://www.instagram.com/embaargenbrasil
130,EBRAS,twitter,https://www.twitter.com/ArgentinaEnBras
131,EBRAS,facebook,https://www.facebook.com/embargbrasil
132,EBULG,facebook,https://www.facebook.com/ArgentinaEnBulgaria/
133,EBULG,youtube,https://www.youtube.com/channel/UCK-uSxN84lEMqJwCviEjZow
134,ECANA,facebook,https://www.facebook.com/ArgentinaInCanada
135,ECANA,youtube,https://www.youtube.com/channel/UC77DGXZ2ppExRtV4WS4IV-A
136,ECANA,twitter,https://www.twitter.com/ArginCanada
137,ECANA,instagram,https://www.instagram.com/argentinaincanada/
138,ECANA,otra,https://www.linkedin.com/company/argentinaincanada
139,ECEUR,facebook,https://www.facebook.com/ARGanteUE
140,ECEUR,otra,https://www.linkedin.com/company/arganteue
141,ECEUR,twitter,https://www.twitter.com/ARGanteUE
142,ECEUR,youtube,https://www.youtube.com/@ARGanteUE
143,ECEUR,instagram,https://www.instagram.com/arganteue/
144,ECHES,facebook,https://www.facebook.com/ArgentinaEnRepCheca/
145,ECHES,instagram,https://www.instagram.com/argentinaenpraga
146,ECHIN,facebook,https://www.facebook.com/ArgentinaEnChina
147,ECOLO,twitter,https://www.twitter.com/argcolombia
148,ECOLO,facebook,https://www.facebook.com/ArgColombia/?ref=bookmarks
149,ECOLO,instagram,https://www.instagram.com/argentinaencolombia
150,ECORE,facebook,https://www.facebook.com/ArgentinaEnCorea/
151,ECORE,instagram,https://www.instagram.com/embajadaargentinaencorea1/?hl=es
152,ECUBA,facebook,https://www.facebook.com/ArgentinaEnCubaLaHabana/
153,ECUBA,instagram,https://www.instagram.com/argentinaencuba/
154,EDINA,facebook,https://www.facebook.com/EmbajadadeArgentinaenDinamarca/
155,EDINA,instagram,https://www.instagram.com/argentinaindenmark?igsh=dTI4cDN6NHFpYWM0
156,EDINA,otra,https://www.linkedin.com/company/embajada-de-la-rep-blica-argentina-en-dinamarca
157,EDOMI,facebook,https://www.facebook.com/ArgentinaEnRepublicaDominicana/
158,EDOMI,instagram,https://www.instagram.com/argentinaenrd/
159,EEARB,facebook,https://www.facebook.com/ArgentinaEnEmiratosArabesUnidos
160,EECUA,facebook,https://www.facebook.com/Argentina-en-Ecuador-772092829594964/?ref=bookmarks
161,EECUA,instagram,https://www.instagram.com/argentinaenecuador?igshid=1pzlw4ojakxjh
162,EECUA,youtube,https://www.youtube.com/channel/UC7FnoaJNif8jQLyBb4QDKng
163,EEEUU,twitter,https://www.twitter.com/ARGinUSA
164,EEEUU,facebook,https://www.facebook.com/ARGinUSA/
165,EEEUU,instagram,https://www.instagram.com/ARGinUSA/
166,EEEUU,otra,https://www.flickr.com/photos/ARGinUSA/
167,EEEUU,youtube,https://www.youtube.com/ARGinUSA
168,EEEUU,otra,www.linkedin.com/in/ARGinUSA
169,EEGIP,instagram,https://www.instagram.com/argenegipto/
170,EEGIP,twitter,https://www.twitter.com/ARGenEgipto
171,EEGIP,facebook,https://www.facebook.com/ArgentinaenEgipto
172,EEOEA,facebook,https://www.facebook.com/ARGenOEA/
173,EEOEA,instagram,https://www.instagram.com/argenoea/
174,EEOEA,twitter,https://www.twitter.com/ARGenOEA
175,EEOEA,youtube,https://www.youtube.com/channel/UCqjmCa0UfL3_I3Ovqz5ZAag/featured
176,EESPA,twitter,https://www.twitter.com/ARGenesp
177,EESPA,facebook,https://www.facebook.com/argenespa/
178,EESPA,instagram,https://www.instagram.com/argenespa/
179,EESPA,otra,https://www.linkedin.com/company/83543239/admin/dashboard/
180,EETIO,facebook,https://www.facebook.com/ArgEnEtiopia/
181,EETIO,twitter,https://www.twitter.com/arethiopia
182,EETIO,instagram,https://www.instagram.com/embaargenetiopia/
183,EFILI,facebook,https://www.facebook.com/ArgentinaEnFilipinas
184,EFILI,instagram,https://www.instagram.com/argentinaenfilipinas/
185,EFILI,twitter,https://www.twitter.com/ArgentinaEnFili
186,EFINL,facebook,https://www.facebook.com/ArgentinaEnFinlandia/
187,EFINL,instagram,https://www.instagram.com/argenfinlandia/
188,EFRAN,facebook,https://www.facebook.com/ArgentinaEnFrancia/
189,EFRUS,facebook,https://www.facebook.com/EMBAJADAARGENTINAENMOSCU
190,EFRUS,twitter,https://www.twitter.com/EmbArgRusia
191,EGREC,facebook,https://www.facebook.com/ArgentinaEnGrecia
192,EGREC,youtube,https://www.youtube.com/channel/UCFaKsErEs33zEdzJbnrzOog/featured
193,EGREC,instagram,https://www.instagram.com/embajadaargentinaengrecia
194,EGREC,twitter,https://www.twitter.com/ArgenGrecia
195,EGUAT,twitter,https://www.twitter.com/ARGenGuatemala
196,EGUAT,facebook,https://www.facebook.com/emba.arge.7
197,EGUAT,instagram,https://www.instagram.com/argenguatemala/
198,EHILE,twitter,https://www.twitter.com/EmbArgEnChile
199,EHILE,facebook,https://www.facebook.com/EmbArgentinaEnChile
200,EHILE,instagram,https://www.instagram.com/embargenchile/
201,EHOND,twitter,https://www.twitter.com/argenhonduras
202,EHOND,facebook,https://www.facebook.com/ArgentinaEnHonduras
203,EHOND,instagram,https://www.instagram.com/argenhonduras
204,EINDI,twitter,https://www.twitter.com/ArgentinaEnInd
205,EINDI,facebook,https://www.facebook.com/ArgentinaEnInd
206,EINDI,instagram,https://www.instagram.com/argentinaenind/
207,EIRLA,facebook,https://www.facebook.com/ArgentinaEnIrlanda/
208,EIRLA,instagram,https://www.instagram.com/embajadaargentinairlanda
209,EISIA,instagram,https://www.instagram.com/argentinaindonesia
210,EISRA,facebook,https://www.facebook.com/ArgEnIsrael
211,EISRA,twitter,https://www.twitter.com/argenisrael
212,EITAL,facebook,https://www.facebook.com/emb.roma/
213,EITAL,twitter,https://www.twitter.com/arginitalia?lang=es
214,EITAL,instagram,https://www.instagram.com/arginitalia/?hl=es
215,EJAMA,facebook,https://www.facebook.com/ArgentinaEnJamaica/
216,EJAMA,twitter,https://www.twitter.com/ARGenJamaica
217,EJAMA,instagram,https://www.instagram.com/argenjamaica
218,EJAPO,instagram,https://www.instagram.com/embajadaargentinaenjapon/
219,EJAPO,facebook,https://www.facebook.com/ArgJapon/?ref=bookmarks
220,EJAPO,twitter,https://www.twitter.com/ARGenJapon_
221,EKENY,facebook,https://www.facebook.com/ArgentinaEnKenia
222,EKENY,instagram,https://www.instagram.com/argenkenya/
223,EKENY,twitter,https://www.twitter.com/ArgenKenya
224,EKUWA,facebook,https://www.facebook.com/ArgentinaenKuwait
225,ELBNO,facebook,https://www.facebook.com/ArgentinaEnLibano
226,ELBNO,instagram,https://www.instagram.com/argentinaenlibano/
227,EMARR,instagram,https://www.instagram.com/argenmarruecos/
228,EMARR,twitter,https://www.twitter.com/ArgMarruecos
229,EMEXI,twitter,https://www.twitter.com/@ARGenMexico
230,EMEXI,facebook,https://www.facebook.com/ARGenMexico/
231,EMEXI,instagram,https://www.instagram.com/embargenmexico/
232,EMEXI,youtube,https://www.youtube.com/user/EmbaArgenMX
233,EMOZA,facebook,https://www.facebook.com/ArgentinaEnMozambique/
234,EMOZA,instagram,https://www.instagram.com/argenmozambique
235,EMSIA,facebook,https://www.facebook.com/ArgentinaEnMalasia
236,EMSUR,facebook,https://www.facebook.com/ArgentinaEnUru/?locale=es_LA
237,EMSUR,instagram,https://www.instagram.com/argentinaenuru
238,EMSUR,twitter,https://www.twitter.com/ArgentinaEnUru
239,ENAUN,twitter,https://www.twitter.com/ArgentinaUN
240,ENICA,facebook,https://www.facebook.com/ArgentinaEnNicaragua
241,ENICA,instagram,https://www.instagram.com/argennicaragua
242,ENIGE,facebook,https://www.facebook.com/ArgentinaEnNigeria/
243,ENIGE,instagram,https://www.instagram.com/embargennigeria/?igshid=f0laoeu8lhv8
244,ENORU,facebook,https://www.facebook.com/ArgentinaEnNoruega/
245,ENORU,instagram,https://www.instagram.com/arginnorway/
246,ENORU,twitter,https://www.twitter.com/arginnorway?lang=en
247,ENORU,otra,https://www.linkedin.com/company/embajada-de-la-rep%C3%BAblica-argentina-ante-el-reino-de-noruega-argentine-embassy-to-norway
248,ENZEL,twitter,https://www.twitter.com/argennz
249,ENZEL,instagram,https://www.instagram.com/argentinaennuevazelandia
250,ENZEL,facebook,https://www.facebook.com/ArgentinaenNuevaZelandia/
251,EOIRS,facebook,https://www.facebook.com/ArgentinaEnGinebra
252,EOIRS,instagram,https://www.instagram.com/mision.argentina/
253,EOIRS,twitter,https://www.twitter.com/ArgentinaONUOMC
254,EOIRS,youtube,https://www.youtube.com/channel/UCSOsChik8j7nFJZnPq6K7Ag
255,EPAKI,instagram,https://www.instagram.com/argentinaenpakistan/
256,EPARA,twitter,https://www.twitter.com/argenparaguay_
257,EPARA,facebook,https://www.facebook.com/embajada.paraguay
258,EPBAJ,facebook,https://www.facebook.com/ArgEnPaisesBajos/
259,EPBAJ,twitter,https://www.twitter.com/ArgentinaEnPB
260,EPBAJ,instagram,https://www.instagram.com/argenpaisesbajos/
261,EPERU,twitter,https://www.twitter.com/Emb_Arg_Peru
262,EPERU,facebook,https://www.facebook.com/ArgentinaEnPeru
263,EPERU,instagram,https://www.instagram.com/argenperu_
264,EPNMA,facebook,https://www.facebook.com/ArgentinaEnPanama
265,EPNMA,instagram,https://www.instagram.com/argentinaenpanama
266,EPOLO,facebook,https://www.facebook.com/profile.php?id=61560600343776
267,EPORT,instagram,https://www.instagram.com/embargentinaportugal
268,EQATR,instagram,https://www.instagram.com/embargenqatar
269,EQATR,twitter,https://www.twitter.com/embargenqatar
270,ERICA,facebook,https://www.facebook.com/argentinaencostarica/
271,ERICA,instagram,https://www.instagram.com/argencostarica/
272,ERUMA,facebook,https://www.facebook.com/ArgentinaEnRumania
273,ERUNI,twitter,https://www.twitter.com/ARGinUK
274,ERUNI,facebook,https://www.facebook.com/ARGinUK/
275,ERUNI,otra,https://www.flickr.com/photos/138300767@N07/albums
276,ERUNI,instagram,https://www.instagram.com/arginuk/
277,ERUNI,youtube,https://www.youtube.com/channel/UCzaGU10f-77SR56kini9-1g/videos?view_as=subscriber
278,ESAFR,facebook,https://facebook.com/ArgenSudafrica
279,ESAFR,twitter,https://www.twitter.com/EmbArgentina
280,ESAFR,instagram,https://www.instagram.com/argentinaensudafrica
281,ESALV,twitter,https://www.twitter.com/ARGenElSalvador
282,ESALV,facebook,https://www.facebook.com/ArgentinaEnElSalvador/
283,ESALV,instagram,https://www.instagram.com/embargenelsalvador/
284,ESENE,twitter,https://www.twitter.com/argensenegal
285,ESERB,facebook,https://www.facebook.com/ArgentinaEnSerbia/
286,ESERB,instagram,https://www.instagram.com/arginserbia
287,ESING,twitter,https://www.twitter.com/ARGinSingapore
288,ESING,instagram,https://www.instagram.com/argentine_embassy_singapore?igshid=YmMyMTA2M2Y=
289,ESSED,twitter,https://www.twitter.com/ArgSantaSede
290,ESSED,youtube,https://www.youtube.com/c/EmbajadaArgentinaantelaSantaSede
291,ESSED,facebook,https://www.facebook.com/ArgEnSantaSede
292,ESSED,instagram,https://www.instagram.com/argensantasede/
293,ESUEC,otra,https://www.linkedin.com/company/argentinainsweden/
294,ESUEC,facebook,https://www.facebook.com/arginsweden/
295,ESUEC,instagram,https://www.instagram.com/arginsweden/
296,ETAIL,facebook,https://www.facebook.com/Embajada.Argentina.Tailandia/
297,ETRIA,facebook,https://www.facebook.com/ArgentinaEnAustria/
298,ETRIA,twitter,https://www.twitter.com/ARGenViena
299,ETRIA,instagram,https://www.instagram.com/argenviena/
300,ETRIN,facebook,https://www.facebook.com/ArgentinaEnTrinidadYTobago
301,ETRIN,twitter,https://www.twitter.com/arg_mrec_tt
302,ETUNE,facebook,https://www.facebook.com/ArgEnTunez/
303,ETUNE,twitter,https://www.twitter.com/EmbajadaTunez
304,ETUNE,instagram,https://www.instagram.com/embargentinatn
305,ETUNE,youtube,https://www.youtube.com/channel/UC8kSZug1SPHrp3r1hGzhjtg
306,ETURQ,facebook,https://www.facebook.com/Argentinaenturquia/
307,ETURQ,instagram,https://www.instagram.com/embargenturquia
308,ETURQ,twitter,https://www.twitter.com/ARGenTurquia
309,EUCRA,facebook,https://www.facebook.com/ArgentinaEnUcrania
310,EUCRA,instagram,https://www.instagram.com/argenucrania/
311,EUNES,twitter,https://www.twitter.com/ArgentinaUNESCO
312,EUNES,facebook,https://www.facebook.com/delegation.argentine/
313,EUNGR,facebook,https://www.facebook.com/ArgentinaEnHungria
314,EUNGR,twitter,https://www.twitter.com/EmbArgHungria
315,EUNGR,instagram,https://www.instagram.com/argentinaenhungria/
316,EURUG,twitter,https://www.twitter.com/ArgentinaEnUru
317,EURUG,facebook,https://www.facebook.com/ArgentinaEnUru/
318,EURUG,instagram,https://www.instagram.com/argentinaenuru/
319,EVENE,twitter,https://www.twitter.com/argenvenezuela?lang=es
320,EVENE,facebook,https://www.facebook.com/EmbajadaArgentinaEnVenezuela
321,EVENE,instagram,https://www.instagram.com/argenvenezuela/
322,EVIET,facebook,https://www.facebook.com/ArgentinaEnVietnam/
323,EVIET,instagram,https://www.instagram.com/argenvietnam/
324,REPAL,facebook,https://www.facebook.com/ArgEnPalestina
